<?xml version="1.0" encoding="utf-8"?>
<extension type="file" version="1.6" method="upgrade" client="site">
    <name><![CDATA[Astroid - pl-PL]]></name>
    <author><![CDATA[JoomDev.com]]></author>
    <authorurl>http://www.joomdev.com</authorurl>
	<copyright>Copyright (C)2017 JoomDev.com. All rights reserved.</copyright>
	<license>http://www.gnu.org/licenses/gpl-3.0.html GNU/GPL</license>
    <version>1.0.1</version>
    <creationDate>11 Jul 2019</creationDate>
    <description><![CDATA[Polski (Poland) translation file for Astroid Framework.]]></description>
	<fileset>
		<files folder="frontend" target="language/pl-PL">
			<filename>pl-PL.astroid.ini</filename>
		</files>
	</fileset>
</extension>